{
  "items": [
    {
      "groupid": "custom",
      "urlOrPath": "",
      "remark": "Custom",
      "editAble": true,
      "groups": [
        {
          "groupid": "custom",
          "name": "🍎 Apple",
          "type": "",
          "or": true,
          "rule_set_build_in": [
            "geosite:apple",
            "geosite:apple-ads",
            "geosite:apple-dev",
            "geosite:apple-pki",
            "geosite:apple-update"
          ]
        },
        {
          "groupid": "custom",
          "name": "🛑 malware",
          "type": "",
          "or": true,
          "rule_set_build_in": [
            "geosite:malware",
            "geoip:malware",
            "geoip:phishing",
            "geosite:phishing",
            "geosite:cryptominers"
          ]
        },
        {
          "groupid": "custom",
          "name": "📢 phishing",
          "type": "",
          "or": true,
          "rule_set_build_in": [
            "geoip:phishing",
            "geosite:phishing"
          ]
        },
        {
          "groupid": "custom",
          "name": "☁️ parspack",
          "type": "",
          "or": true,
          "rule_set_build_in": [
            "geoip:parspack"
          ]
        },
        {
          "groupid": "custom",
          "name": "☁️ arvancloud",
          "type": "",
          "or": true,
          "rule_set_build_in": [
            "geoip:arvancloud"
          ]
        },
        {
          "groupid": "custom",
          "name": "F2M",
          "type": "",
          "or": true,
          "domain_suffix": [
            ".kinguploadf2m15.info",
            ".sjdcbjddbcsjhbsbjhcjbsdjshcdcjbsdsj.buzz",
            ".mega.nz",
            ".github.com"
          ],
          "domain": [
            "5f8u2z8mh5qiqvfdxs59z5g6aw8djtnew59.kinguploadf2m15.info",
            "sjdcbjdhbscjnhsdjcbjsd.sjdcbjddbcsjhbsbjhcjbsdjshcdcjbsdsj.buzz",
            "mega.nz",
            "github.com"
          ],
          "domain_keyword": [
            "nguploadf2m15",
            "sjdcbjddbcsjhbsbjhcjbsdjshcdcjbsdsj"
          ]
        },
        {
          "groupid": "custom",
          "name": ".IR",
          "type": "",
          "or": true,
          "domain_suffix": [
            ".ir",
            ".shaparak.ir",
            "irancell.ir",
            ".irancell.ir",
            ".alanchand.com",
            ".digikala.com",
            ".arzdigital.com",
            ".rahavard365.com"
          ],
          "domain": [
            "digikala.com",
            "rahavard365.com",
            "arzdigital.com"
          ]
        },
        {
          "groupid": "custom",
          "name": "🐱 GitHub",
          "type": "",
          "or": true,
          "rule_set_build_in": [
            "geoip:github",
            "geosite:github"
          ]
        }
      ]
    }
  ],
  "rule_set_items": [
    {
      "tag": "https://raw.githubusercontent.com/chocolate4u/iran-sing-box-rules/rule-set/geoip-ir.srs",
      "type": "remote",
      "format": "binary",
      "url": "https://raw.githubusercontent.com/Chocolate4U/Iran-sing-box-rules/rule-set/geoip-ir.srs"
    },
    {
      "tag": "https://raw.githubusercontent.com/chocolate4u/iran-sing-box-rules/rule-set/geosite-ir.srs",
      "type": "remote",
      "format": "binary",
      "url": "https://raw.githubusercontent.com/Chocolate4U/Iran-sing-box-rules/rule-set/geosite-ir.srs"
    }
  ]
}