{
  "language_tag": "en",
  "region_code": "IR",
  "novice": true,
  "ui": {
    "theme": "light",
    "auto_orientation": false,
    "disable_font_scaler": false,
    "hide_after_launch": false,
    "net_check_domain": "google.com",
    "diversion_rule_detect_domain": "google.com",
    "tv_mode": false
  },
  "ui_screen": {
    "home_show_myprofiles": true,
    "home_show_addprofile": true,
    "home_show_dns": true,
    "home_show_deversion": true,
    "home_show_netcheck": true,
    "home_show_speedtest": true,
    "home_show_mylink": true,
    "home_show_appletv": true,
    "hide_invalid_server_my_profiles": false,
    "hide_invalid_server_select_server": false,
    "hide_invalid_server_diversion_rules": false,
    "sort_server_my_profiles": false,
    "sort_server_select_server": false,
    "sort_server_diversion_rules": false,
    "select_server_hide_recommand": false,
    "select_server_hide_recent": false,
    "select_server_hide_fav": false,
    "hide_unused_diversion_group": false,
    "my_link": ""
  },
  "ntp": {
    "enable": false,
    "server": "time.apple.com"
  },
  "proxy": {
    "enable_cluster": false,
    "host": "127.0.0.1",
    "cluster_host": "127.0.0.1",
    "mixed_port": 3067,
    "mixed_direct_port": 3065,
    "mixed_forword_port": 3066,
    "control_port": 3057,
    "cluster_port": 3050,
    "auto_set_system_proxy": false,
    "system_proxy_bypass_domain": [],
    "disconnect_when_quit": false
  },
  "tun": {
    "enable": true,
    "stack": "mixed",
    "udp_timeout": 60,
    "mtu": 9000,
    "auto_route": true,
    "strict_route": false,
    "allow_bypass": false,
    "append_http_proxy": true,
    "allow_bypass_httpproxy_domains": [],
    "hijack_dns": true
  },
  "dns": {
    "ttl": 43200,
    "enable_rule": false,
    "test_domain": "gstatic.com",
    "enable_client_subnet": true,
    "enable_inbound_domain_resolve": false,
    "enable_static_ip": false,
    "proxy_resolve_mode": "proxy",
    "resolver_addresses": [
      "local",
      "dhcp://auto",
      "https://1.1.1.1/dns-query"
    ],
    "outbound_addresses": [
      "local",
      "dhcp://auto",
      "udp://8.8.8.8"
    ],
    "direct_addresses": [
      "local",
      "dhcp://auto",
      "udp://8.8.8.8"
    ],
    "proxy_addresses": [
      "https://1.1.1.1/dns-query",
      "https://dns.google/dns-query",
      "udp://8.8.8.8",
      "https://8.8.4.4/dns-query",
      "tls://1.1.1.1",
      "tcp://74.82.42.42",
      "tls://223.5.5.5",
      "tls://1.0.0.1",
      "https://1.0.0.1/dns-query",
      "udp://8.8.4.4"
    ],
    "client_subnet": "80.191.13.82",
    "client_subnet_latest_update": "2025-06-30 20:23:51.275258",
    "static_ips": {},
    "list": [
      {
        "isp": "irancell",
        "url": "tcp://74.82.42.42"
      }
    ]
  },
  "tls": {
    "enable_insecure": false,
    "enable_fragment": false,
    "fragment_size": "100-200",
    "fragment_sleep": "10-20",
    "enable_mixed_case_sni": false,
    "enable_padding": false,
    "padding_size": "1-1500"
  },
  "mux": {
    "enable": false,
    "padding": false,
    "protocol": "h2mux",
    "max_streams": 8,
    "outbound_types": []
  },
  "rule_sets": {
    "enable_geosite": true,
    "enable_geoip": true,
    "enable_acl": true,
    "auto_append_region_geosite": true,
    "auto_append_region_geoip": true,
    "use_remote_geosite": false,
    "use_remote_geoip": false,
    "use_remote_acl": false,
    "disable_custom_diversion_group": false,
    "disable_isp_diversion_group": false
  },
  "perapp": {
    "enable": true,
    "is_include": true,
    "list_android": [],
    "list_macos": [],
    "hide_system_app": true,
    "hide_app_icon": false
  },
  "auto_select": {
    "interval": 28800,
    "prioritize_my_fav": false,
    "filter": false,
    "limited_num": 1000,
    "selected_health_check_interval": 5,
    "retest_if_network_udpate": true,
    "update_current_server_after_manual_urltest": true,
    "ignore_perproxy_server": false
  },
  "warp": {
    "license": ""
  },
  "webdav": {
    "url": "",
    "user": "",
    "password": ""
  },
  "auto_backup": {
    "add_profile": true,
    "remove_profile": false
  },
  "ads": {
    "banner_enable": false,
    "banner_reward_ad_expire": "",
    "banner_share_expire": ""
  },
  "auto_connect_after_launch": true,
  "ip_strategy": "ipv4_only",
  "proxy_all": false,
  "front_proxy": [],
  "private_direct": true,
  "quit_when_switch_systemUser": false,
  "alway_on": false,
  "disconnect_after_sleep_seconds": null,
  "disable_ua_report": false,
  "user_agents": [],
  "speed_test_list": [],
  "speed_test": "https://speed.cloudflare.com/",
  "url_test_list": [],
  "url_test_timeout": 8,
  "url_test": "https://www.gstatic.com/generate_204",
  "latency_check_resolve_ip": false,
  "auto_update_channel": "stable",
  "origin_sb_profile": "",
  "html_board_port": 3072
}